slug,title,overlay_text,description,niche,keywords,affiliate_url
pin_decor_001,Lampe de Chevet Design : Illuminez Votre Chambre avec Style et Confort,Ambiance Lumineuse Parfaite,"Transformez votre chambre avec notre lampe de chevet au design épuré et moderne. Idéale pour une lecture confortable ou pour créer une ambiance douce et relaxante. Son éclairage ajustable s'adapte à toutes vos humeurs, apportant une touche d'élégance à votre espace personnel. Facile à monter et à utiliser. [LIEN_AFFILIATE]",Éclairage d'intérieur,"lampe de chevet, design moderne, éclairage chambre, ambiance cosy, décoration lumineuse, lampe table, confort",https://www.amazon.fr/dp/B0F37N2K3M?tag=afprod-21&linkCode=ogi
pin_decor_002,Miroir Mural Décoratif Rond : Agrandissez Votre Espace avec Élégance,Élégance Murale Subtile,"Ce miroir mural rond est la pièce maîtresse parfaite pour votre entrée, salon ou salle de bain. Son cadre fin et son design minimaliste s'intègrent à merveille dans tout style de décoration. Il apporte luminosité et profondeur, faisant paraître n'importe quelle pièce plus grande et plus accueillante. [LIEN_AFFILIATE]",Décoration murale,"miroir mural, décoration salon, design rond, agrandir espace, miroir décoratif, miroir élégant, entrée",https://www.amazon.fr/dp/B0BZ4GRYL5?tag=afprod-21&linkCode=ogi
pin_decor_003,Vase en Céramique Nordique : Touche d'Art Moderne pour Vos Fleurs,Sublimez Vos Fleurs,"Ajoutez une touche scandinave et contemporaine à votre intérieur avec notre vase en céramique. Son design épuré et sa finition mate sont parfaits pour mettre en valeur vos bouquets frais ou séchés, ou même comme objet décoratif seul. Un indispensable pour une ambiance chic et apaisante. [LIEN_AFFILIATE]",Accessoires décoratifs,"vase céramique, décoration nordique, design moderne, vase fleurs, objet décoratif, scandinave, chic",https://www.amazon.fr/dp/B0CX8FZJV8?tag=afprod-21&linkCode=ogi
pin_decor_004,Étagère Murale Flottante Bois : Optimisez Votre Espace avec Style Minimaliste,Rangement Mural Invisible,"Maximisez votre espace avec nos étagères murales flottantes en bois massif. Idéales pour exposer vos livres, plantes ou objets décoratifs, elles s'installent facilement et discrètement. Leur design épuré apporte une touche de modernité et d'organisation à n'importe quelle pièce de votre maison. [LIEN_AFFILIATE]",Rangement et organisation,"étagère murale, rangement salon, bois massif, design flottant, organisation maison, décoration minimaliste, gain de place",https://www.amazon.fr/dp/B0DZY319HZ?tag=afprod-21&linkCode=ogi
pin_decor_005,Plaid Doux Fausse Fourrure : Chaleur et Luxe pour Vos Soirées Cocooning,Cocooning Ultime Garanti,"Enveloppez-vous de douceur avec notre plaid en fausse fourrure ultra-douce. Parfait pour les soirées fraîches, il ajoute une touche de luxe et de confort à votre canapé ou votre lit. Un accessoire indispensable pour créer une atmosphère chaleureuse et invitante dans votre salon ou chambre. [LIEN_AFFILIATE]",Linge de maison,"plaid fausse fourrure, couverture douce, cocooning, décoration salon, confort, luxe, accessoire canapé, chaleur",https://www.amazon.fr/dp/B0G5XVM3PH?tag=afprod-21&linkCode=ogi
pin_decor_006,Coussins Décoratifs Velours Texture : Élégance et Confort pour Votre Salon,Velours Chic Confort,Rafraîchissez votre canapé avec notre collection de coussins décoratifs en velours texturé. Leurs couleurs riches et leur matière agréable au toucher apportent une dimension de sophistication et de confort. Mélangez les formes et les tailles pour un rendu personnalisé et tendance. [LIEN_AFFILIATE],Coussins et textiles,"coussin décoratif, velours, salon chic, confort canapé, décoration textile, coussins texturés, élégance",https://www.amazon.fr/dp/B0F1RRHJXL?tag=afprod-21&linkCode=ogi
pin_decor_007,Diffuseur Huiles Essentielles Design : Ambiance Zen et Parfumée Naturelle,Sérénité Parfumée Maison,"Créez une atmosphère de bien-être dans votre maison avec ce diffuseur d'huiles essentielles au design élégant. Il purifie l'air et diffuse délicatement vos parfums préférés, favorisant la relaxation et la concentration. Un objet pratique et esthétique pour une maison sereine. [LIEN_AFFILIATE]",Bien-être et arôme,"diffuseur huiles essentielles, aromathérapie, ambiance zen, décoration bien-être, air pur, parfum maison, relaxation",https://www.amazon.fr/dp/B08WLYXXC5?tag=afprod-21&linkCode=ogi
pin_decor_008,Tapis Berbère Géométrique : Chaleur et Authenticité pour Votre Intérieur,Chaleur Berbère Chic,"Apportez une touche d'exotisme et de chaleur à votre salon ou chambre avec notre tapis berbère aux motifs géométriques. Sa texture douce et ses couleurs naturelles en font un élément central de votre décoration, créant une ambiance bohème chic et accueillante. [LIEN_AFFILIATE]",Tapis et moquettes,"tapis berbère, décoration bohème, motifs géométriques, tapis salon, chambre cosy, chic ethnique, authenticité",https://www.amazon.fr/dp/B09NM74SRD?tag=afprod-21&linkCode=ogi
pin_decor_009,Boîte de Rangement Design Minimaliste : Organisez Votre Intérieur avec Style,Rangement Élégant Discret,"Dites adieu au désordre avec nos boîtes de rangement design. Parfaites pour organiser vos petits objets, papiers ou accessoires, elles s'intègrent discrètement dans votre décoration. Disponibles en plusieurs tailles et couleurs pour s'adapter à tous vos besoins. [LIEN_AFFILIATE]",Organisation et stockage,"boîte de rangement, organisation maison, design minimaliste, rangement discret, accessoire bureau, décoration fonctionnelle, gain de place",https://www.amazon.fr/dp/B0FZGQ2Y1L?tag=afprod-21&linkCode=ogi
pin_decor_010,Horloge Murale Silencieuse Grande Taille : Décoration Moderne et Précise,L'Heure en Silence,"Ajoutez une touche contemporaine à votre mur avec cette horloge murale silencieuse et de grande taille. Son design épuré et sans tic-tac est parfait pour un salon, une cuisine ou un bureau où la tranquillité est essentielle. Un élément décoratif fonctionnel et stylé. [LIEN_AFFILIATE]",Décoration murale,"horloge murale, design moderne, silencieuse, grande taille, décoration salon, cuisine, bureau, élégance fonctionnelle",https://www.amazon.fr/dp/B0FPR45LL1?tag=afprod-21&linkCode=ogi
