"search_link_amazon","amazon_product_url","title","overlay_text","description","niche","french_hint","image_description_for_llm"
"https://www.amazon.fr/s?k=WiFi+smart+plug+energy+monitoring","https://www.amazon.fr/HomeKit-Monitoraggio-Intelligente-Compatibile-Controllo/dp/B0DGFSFWRT/ref=sr_1_1_sspa?dib=eyJ2IjoiMSJ9.3gQ_9KzN1kI2LZ5ApQ_6l9NQ5vlmxyVd4tf4SNxfJSCWQoNZTctSeG7CHzBFN_tm6u2Q4swSjCEfhppz17PaZAbjTDQdZJJkX1j-YY5p5PTIxt8KGZSJLVPyC-x7r4WO_JgHunueb8dW-0bJwEkn00j2kmOHDURK-g4Ho1JzI8kkKyVBIZwGTABI1LqJ0CJPBTN28RziEFrv6XQgzu2ge15ZIKa3yn8h8CP11lmyNXYlsE3qYzcqRTbWofIZh6f-OMRYeX313YWHCY_IqVcfFs00GyusK7SuPattNLLuXkQ.JzpHuv0nDderwp8r1zGDbwI4XqexamAQ1McOe6cZLVw&dib_tag=se&keywords=WiFi+smart+plug+energy&qid=1772217788&sr=8-1-spons&aref=K3DK7fZZ7Y&sp_csd=d2lkZ2V0TmFtZT1zcF9hdGY&psc=1","The Smart Plug That Saves You Hundreds on Energy Bills","Bills Slashed.","Control any appliance from your phone and see exactly how much energy you're using. Perfect for lamps, coffee makers, and more.
⚡ Smart home upgrade → [LIEN_AFFILIATE]
#smartplug #energyefficient #smarthome #homeautomation #techgadgets","small_space_solutions","Prise connectée intelligente","Photorealistic vertical Pinterest image 1000x1500, A minimalist modern living room with a cozy armchair and floor lamp. A sleek white smart plug is visible in a nearby outlet, with soft morning light streaming through large windows. Warm neutral tones of beige and light oak wood create a serene, organized atmosphere. 8K photorealistic, professional interior photography style."
"https://www.amazon.fr/s?k=smart+LED+strip+lights+color+changing+bedroom","https://www.amazon.fr/Lumineuse-Intelligente-Compatible-SmartThings-Multicolore/dp/B08HCRRL47/ref=sr_1_3_sspa?dib=eyJ2IjoiMSJ9.RaKhSto_TZ4ZdILIUOL1uN7Tw8phcWhXG4B-wfJ0Nk6NBZCQFIu3yccHIuG_f8omasfvRutPBa0vv9dtrGwnglVj7vQqfnGfHh1gDJ0ZVcsJIM8Vne7ouK-FUh58gYeDD5ghOuIkC7gXzCCp2wLoejBLqDxagZ7rZrmtC3SFuNbsvlq12CRGS4icUyueMIX64oIlhDEEtzHBwMNW2pszNtpxoJwoW37e-C8CJConJujX6f6kD1_PGFZF5IWaBCWF5Jiy3SDZA5gtynX9ukLy1RvUdK846dttWXn968gJmHc.mXDV8U95Nq18UDInwLESJbhakXqaZ4B6C1HopxouoHQ&dib_tag=se&keywords=smart+LED+strip+lights&qid=1772214295&sr=8-3-spons&aref=hRtOHlEStY&sp_csd=d2lkZ2V0TmFtZT1zcF9hdGY&psc=1","Smart LED Strip Lights That Transform Your Space","Mood Lighting Magic","Create any atmosphere imaginable with 16 million colors at your fingertips. Perfect for movie nights, relaxing baths, or adding a pop of color to your decor.
💡 Find it here → [LIEN_AFFILIATE]
#smartlighting #ledlights #hometech #cozyvibes #interiordesign","cozy_lighting","Ruban LED intelligent","Photorealistic vertical Pinterest image 1000x1500, evening ambiance in a stylish bedroom. Warm golden hour light filters through the window as smart LED strip lights cast a soft, warm white glow along the headboard and behind a floating shelf. The scene shows a neatly made bed with textured linen bedding, a few decorative pillows, and a minimalist nightstand. The lighting creates a magical, inviting atmosphere perfect for relaxation. 8K photorealistic, professional interior photography."
"https://www.amazon.fr/s?k=smart+deadbolt+lock+keyless+entry","https://www.amazon.fr/%C3%A9lectronique-Int%C3%A9gration-D%C3%A9verrouiller-verrouillage-diff%C3%A9rents/dp/B0DN1SZCTL/ref=sr_1_2?dib=eyJ2IjoiMSJ9.AM5Xs_FJ9vFVOg39CXLluJ_CxmjJP4MjTS-V8l_0d0Er9F913dTbshUbR0-o4gxK27NGZ3Pt4qXfMP7siwje3TMtbkFCdQZ4OfKP71wwvbR1onIcy7siAzHAIKlGz-TOINna9dP7vSfByyMHtUXkamAlGqTTiUnyznqzL42yawh4wCVI4l6ngeovZm4JLbouuL3XMvJb5NjQ_Fwl7kOzLNZH7iHHt204koIOYNjgYYh8GsaDl_iryFZ7JV44_ZCzGqOTaUwAflfqNp3pCpGIVQIH0AfBWRhReKoR9HuOvt0.83Yop_Iajl2y2fYi-xaabqTwluVsA2HFzXzrF-Nu9to&dib_tag=se&keywords=smart+deadbolt+lock+keyless&qid=1772217497&sr=8-2","The Smart Lock That Lets You In Without Keys","Keys Are History.","Unlock your door with your phone, code, or fingerprint. Create temporary codes for guests and never get locked out again.
🔒 Key-free living → [LIEN_AFFILIATE]
#smartlock #keylessentry #homesecurity #modernhome #convenience","entryway_decor","Serrure connectée sans clé","Photorealistic vertical Pinterest image 1000x1500, A modern interior door with a sleek smart lock installed. Soft morning light from a nearby window highlights the matte black finish against warm wood tones. The entryway is clean and minimalist with a sense of security and style. 8K photorealistic, professional interior photography style."
"https://www.amazon.fr/s?k=smart+garage+door+opener+remote","https://www.amazon.fr/MIUCDA-Ouvre-porte-garage-intelligent-T%C3%A9l%C3%A9commande/dp/B0D62VB9PL/ref=sr_1_14?dib=eyJ2IjoiMSJ9.l-EH62MMlkrbhuoiDUOPpxyk8AVlARtclM0VRTtrlzxmuO5lLFihlGm9rqk2Wg7OJwyFKCqsD_w-oPAwhNMW_MA4WwXqdQKOxvixhO8FrDUQ7qZdkyClz9aefqXH2l3MYvdCwM0Sja8J9BFfv3v81dMLMU5hFAxiIQU6Z315PKmO1hmG_7QQbeMuX2eQ1dn_lWSzjlG1JKIkx7WsnvZvU03hSJf-KAOPINNGLypb65Ek5F_NO_SE_-ddGMpgw_anAyQDR6rodzBv-hqWAdvr87cwzUds6Rd6kpwfkLf1xjg.18EvqxByhq4wXP5CruP_iyEsJg9HZuL4Umn0ZiwY9U8&dib_tag=se&keywords=smart+garage+door+opener&qid=1772217032&sr=8-14","Never Wonder If You Left the Garage Open Again","Garage Worries Solved.","Open and close your garage from anywhere using your phone. Get alerts and never worry about security again.
🚗 Total control anywhere → [LIEN_AFFILIATE]
#garagedooropener #smarthome #homeecurity #convenience #modernliving","outdoor_living","Ouvre-porte garage connecté","Photorealistic vertical Pinterest image 1000x1500, A clean, organized garage interior with a smart opener visible on the ceiling. Soft natural light from windows creates a warm, inviting space. Tools are neatly stored, and the overall feeling is one of order and modern convenience. 8K photorealistic, professional interior photography style."
"https://www.amazon.fr/s?k=acrylic+desk+organizer+set+office+supplies","https://www.amazon.fr/GoMaihe-Organisateur-Organisateurs-Transparents-Antipoussi%C3%A8re/dp/B0CH7ZKNCP/ref=sr_1_3?dib=eyJ2IjoiMSJ9.v4k-hozwh7dgEi7fcK1ZGwvI_mWGKkgJjCM51VcUvZjzpIn9zv9W_JFT6XJ771okEqr52-HTNl6BmZZAeTeh9m_PXAatZd5eA3h5k_hbUJd8HDocgTA4cHEAyd7CdMfu1aIFHcuheuj5-MRdJKmt4hy5tJLJHl9JFeEUpGBO1z3no6A-X-_M89-gM-lBnlf9bncNEZb8Dba2H85y3UgNfoRiynowMT8R-XMMEOQ0zk-fE1hOXicxIb4nxeCvRBKVrNhMZKAvtb7FunaoQC_LHnZwjB0NOcBL_RuNA79GTmw.OrwT6jpYXQcd42UXWH5ywznS9VYcteadBKWUZlbuwlU&dib_tag=se&keywords=acrylic+desk+organizer+set&qid=1772217177&sr=8-3","Elevate Your Desk With This Acrylic Organizer Set","Clutter-Free Desktop","Keep your pens, notebooks, and tech accessories neatly displayed and within reach. Transparent design adds a modern, airy feel.
👇 Shop the clean look → [LIEN_AFFILIATE]
#deskorganization #homeoffice #minimalistdesk #officeaccessories #workspaces","desk_organization","Organisateur bureau acrylique","Photorealistic vertical Pinterest image 1000x1500, a close-up shot of a beautiful home office desk setup. A set of clear, high-gloss acrylic organizers holds pens, a notepad, and a smartphone. The desk is light oak, and the scene is bathed in soft, warm natural light. A minimalist desk lamp and a small green plant add life to the perfectly curated and tidy workspace."
"https://www.amazon.fr/s?k=heavy+duty+rolling+mechanic+tool+cabinet+garage","https://www.amazon.fr/M-AUTO-d%C3%A9quipement-capacit%C3%A9-Rouleaux-d%C3%A9tailler/dp/B0BPSNJPXH/ref=sr_1_3?dib=eyJ2IjoiMSJ9.36SGirmuHzdrXz8tfKvEa0jR5zmv6irX8AH-2DzedKIEHBDDzaHyOAeIYNI2SYtIz6MviY7QDT8waLke0fPNs4uB0AkaFi977eH5oothc1d8Pemhzs9EDtOBpagJMnT2KUjnGTsUUGM7M11Mr2GOidrefe4ROCk2PI4EJKQbkFhviDvga3ExWeZXYtjC95UO.qTlZ-lb-wEk8Ah21S4Xiyf33G75SooDSSNjiUdH3MR4&dib_tag=se&keywords=heavy+duty+rolling+mechanic&qid=1772217115&sr=8-3","Tool Chaos Solved for Good","Tool Glam","Transform your chaotic garage into a professional-grade workshop. This rolling cabinet brings order to every socket, wrench, and power tool.
🛒 Get organized → [LIEN_AFFILIATE]
#garageorganization #workshop #toolstorage #diyworkshop #garagemakeover","garage_workshop","Coffre à outils roulant","Photorealistic vertical Pinterest image 1000x1500, A sleek, red heavy-duty rolling tool cabinet with multiple drawers, placed on a clean epoxy-coated garage floor. Soft morning light streams through a nearby window, illuminating a neatly organized workbench with a few high-quality tools laid out. The scene is tidy, aspirational, and has a professional workshop feel with warm neutral walls."
"https://www.amazon.fr/s?k=woven+laundry+hamper+basket+with+lid","https://www.amazon.fr/Ribech-Panier-Linge-Tress%C3%A9e-Rangement/dp/B0FXX3KWVW/ref=sr_1_1_sspa?dib=eyJ2IjoiMSJ9.tXViEh4i_GcFnvTH4HGuNhmbFHBGuUp8jLYMTnBUqjZHY5LSoWSlOyG3OTQ-d4kz25O152D213j8FsjoLSjnFQ2g4h5Y9iAnJA5WBNgP81Yg4E0XaMnxYX1IB5Hoh1_MKbkqv82WCo5VePBpFS1bPAvRfP78HpGxFAHFwzbbScfkK5TZawrhuZ4iir8-TBcP9SiQbob1Lf0d-E7uNd8TjFUUcAvEFQ7rEI2T-leaw92p5FbiVVIvNtZ5NAK8A5Vpd-vh-4R6rf7v8DnnhfhKa-S9aPVCILLQ6Gj_2vNgsWc.-7gIlHAgB6XFqBF28FpJ58E_ik_07aaonLNQIL6mCM4&dib_tag=se&keywords=woven+laundry+hamper+basket&qid=1772214262&sr=8-1-spons&aref=haGbpD9ohP&sp_csd=d2lkZ2V0TmFtZT1zcF9hdGY&psc=1","Finally, A Beautiful Way To Hide Laundry Chaos","Messy Laundry? Gone.","Transform your laundry room from cluttered to curated. This gorgeous hamper keeps everything out of sight but perfectly organized.
🛍️ Shop this look → [LIEN_AFFILIATE]
#laundryroomdecor #homeorganization #homedecor #laundryroomideas #organizedhome","laundry_room","Panier à linge tissé","Photorealistic vertical Pinterest image 1000x1500, a bright and airy laundry room with large windows letting in soft morning light. A beautiful, textured natural woven hamper with a lid sits in a corner on light oak hardwood floors. Clean, white walls, a simple sage green towel on a hook, and a potted monstera plant create a serene, aspirational, and perfectly organized space. 8K photorealistic, professional interior photography style."
"https://www.amazon.fr/s?k=kids+toy+storage+bins+fabric+cubes","https://www.amazon.fr/holay-bo%C3%AEtes-rangement-carr%C3%A9es-blanches/dp/B0CFQW34Q4/ref=sr_1_4_sspa?dib=eyJ2IjoiMSJ9.bOFZEWhPd5tFgRpcQQmjMpCgQ9YXD2MTza9P26GhgUiX0NjM1d8kJCpFlRvCvezIgvU_Obsu5Fj-9ohkNc-lIVmlqzS6LgtEt3lvx5I12rDNi5Q1avum3fqtnCwFNYyOoTSQAK3GHJtEHpYdbcvXGoidrrc09sNxaEvZAWx32HUUAbRsv86zbT9Ejw3G3OfDW3bCh74ex_QTvODCtkEdZjTXiIAJUX-UXp9lv_WTXsiV5OOkINd5fL0sFwYzH9Kx8VdhGsjyhz0OjiT9uWHaFm3YXlpJqVvDtoiEVQiL81I.9E1O9a8FC91p-94-at9vcT0w-JK6jSd8H3hNYXZYRRk&dib_tag=se&keywords=kids+toy+storage+bins&qid=1772217205&sr=8-4-spons&aref=3ETWGVehlu&sp_csd=d2lkZ2V0TmFtZT1zcF9hdGY&psc=1","Transform Toy Chaos Into Calm in 5 Minutes","Toy Chaos Solved","These fabric storage bins are a game-changer for busy parents. They make cleanup feel effortless and look beautiful in any playroom.
✨ Get organized now → [LIEN_AFFILIATE]
#kidsroomorganization #playroomideas #toystorage #momhacks #organizedhome","kids_room_storage","Bacs de rangement jouets","Photorealistic vertical Pinterest image 1000x1500, a beautiful sunlit playroom corner with light oak shelving units filled with soft fabric storage cubes in neutral colors (beige, sage green, ivory). A few tasteful wooden toys artfully arranged nearby. Soft morning light streaming through a large window, linen curtains, warm natural tones throughout the space. Professional interior photography style, 8K quality, serene and organized atmosphere."
"https://www.amazon.fr/s?k=woven+rope+basket+storage+closet+shelving","https://www.amazon.fr/gp/aw/d/B07HCF35NN/?_encoding=UTF8&pd_rd_plhdr=t&aaxitk=2725393dae39b049561e68af174961c4&hsa_cr_id=4379509610102&qid=1772217092&sr=1-1-e0fa1fdd-d857-4087-adda-5bd576b25987&aref=pC4Fc1epgR&ref_=sbx_s_sparkle_sbtcd_asin_0_title&pd_rd_w=vVLn6&content-id=amzn1.sym.17d8b547-4978-434d-a051-2563e46b5baf%3Aamzn1.sym.17d8b547-4978-434d-a051-2563e46b5baf&pf_rd_p=17d8b547-4978-434d-a051-2563e46b5baf&pf_rd_r=D619ZXPW5CJ2GYSDP2RA&pd_rd_wg=KhjLk&pd_rd_r=0466c1ba-58e8-4584-9c04-1bb01f0e743e","The Baskets That Make Shelving Look Expensive","Style Meets Storage","Hide clutter without sacrificing style. These textural baskets add a cozy, high-end touch to any closet shelf while keeping everything tidy.
✨ Shop the look → [LIEN_AFFILIATE]
#closetorganization #homedecor #storagebaskets #shelfstyling #organizedhome","living_room_storage","Paniers rangement tissage","Photorealistic vertical Pinterest image 1000x1500, a close-up of open shelving inside a walk-in closet. Two beautiful, natural woven rope baskets with leather handles sit on a light oak shelf, next to neatly folded linen sweaters. Soft, diffused light creates subtle shadows, highlighting the texture of the baskets and the fabrics. The overall mood is serene, organized, and effortlessly stylish. 8K photorealistic, professional interior photography style."
"https://www.amazon.fr/s?k=wall+mounted+cordless+drill+battery+charging+station","https://www.amazon.fr/Devisseuse-Batteries-Perceuse-Visseuse-Accessoires-Bricolage/dp/B0B62SNM2Q/ref=sr_1_2?dib=eyJ2IjoiMSJ9.u2fuoEILrHT8_I1ryhY6r3e8RNQY5mtGnNv7-gLIzXqjw3KNuVxfusM26qyvWlnYx9MiJdX4YsHPCu7Ay6Qr_U2B0giRqczDif5xklSlYEKlTh6utEVeQ9n6rUTo9qL4npDIGM9uwiz_GIkgDVDyO9AaBbBGBEb0RW5jT3Q6GVc9cklQtqqbOm1rRZVvfZnzwFn4kUFaHZphsf1AFMBVb_9NWPHrEkQUCI-2DEgBmI5n0wFvMP2Qj4Zf6xjXmvTKN20iV5nwbOTlT1viEZANARF2DLmHssefe7Pe2GqAFdg.3rf4CaCM0Jgu72NItf4PW_SeFEi7T_KCizfBTIiZYmY&dib_tag=se&keywords=wall+mounted+cordless+drill&qid=1772900320&sr=8-2","Wall-Mounted Magic for Your Power Tools.","Charge Station Solved.","Say goodbye to tangled cords and lost batteries. This wall-mounted station charges and stores all your cordless tools in one sleek spot.
✨ Shop this charging hub → [LIEN_AFFILIATE]
#workshopideas #powertoolstorage #garagedecor #toolorganization #bricolage","cable_management","Station charge batteries outils","Photorealistic vertical Pinterest image 1000x1500, a wall-mounted metal charging station in a workshop, holding three cordless drill batteries and their chargers neatly. Mounted on a light-toned wooden wall panel with clean lines. Soft, natural daylight, warm neutral palette. 8K photorealistic professional interior photography, no people, no text."
"https://www.amazon.fr/s?k=multi+tie+belt+hanger+closet+organizer","https://www.amazon.fr/OMHOMETY-Ceinture-Rangement-Capacit%C3%A9-Ceintures/dp/B0BZZQF8SV/ref=sr_1_4?dib=eyJ2IjoiMSJ9.wiMtmxbb-OgPqSiaI6x4cfxWu8hrZ7hI8g5Lr9vvLH2ceAF7TFQI2MF4pQG9qWKZvepWCj4JKemIhoZT3t-TvE0gzfEXKMN0kOqxuUZTQTM0xXJPKBfAYS7CAOIqWaIJgccXKS3MXrPB_Za3DVeFc5vMUo-S41IOLS5goP3b_XPg3kRc8L6B5eRAy6-4TQPNHfhW-dBVlnnh_tWRRU52aQ2Z4xHR9TcFDNUv2_VXtNeVks0LACghGuyKtT2mqlNc_0w8JGZrLHwSKswJRdwxuv7kXsva0FNPNTLPBcp5LYQ.EbHMGrWOwnzmSrog7HGF0lIlavo6iiNFayVtas1SfJw&dib_tag=se&keywords=multi+tie+belt+hanger&qid=1772217163&sr=8-4","The Only Belt & Tie Holder You'll Ever Need","Tame The Tangle","Goodbye, knotted mess. This sleek hanger displays your entire collection neatly, so you can find the perfect accessory in seconds.
👇 Grab yours → [LIEN_AFFILIATE]
#closetorganization #beltstorage #organizationhacks #mensfashion #organizedcloset","closet_organization","Porte-ceintures cravates","Photorealistic vertical Pinterest image 1000x1500, a detail shot inside a modern, organized closet. A multi-tiered black metal hanger holds a selection of leather belts and silk ties, each hanging perfectly straight and untangled. The hanger is on a sleek clothing rod amidst other garments. Warm, natural light from a nearby source creates a clean, sharp, and highly satisfying image of order. 8K photorealistic, professional interior photography style."
"https://www.amazon.fr/s?k=acrylic+drawer+divider+organizer+jewelry+closet","https://www.amazon.fr/JessLab-Organiseur-Organisateur-Compartiment-Transparent/dp/B0BQ2PJZFG/ref=sr_1_2_sspa?dib=eyJ2IjoiMSJ9.PTJad-sc60Uy377wtZUk63PXTgxfOfCvPR-vyj4hhKLP-qYli1NLtyu-fZZwHfjz4A3sWY2txLdyJVvW7RnbLPEgsqFLwdWmD-DU1jP373ehxYBfr-jpVlRP50kkrF8FqOzWuRkbL9ZDL35YFMpkUpUiu6lB0RBjZnVS2smVO4U72yym7vFVsikE0IWSjb6pik5OfujRUeX__5B-py-ku_pvwqY79o82GOaBnW2Q6_FdVBqhW4A1TNs80ARbeIiZ84MbiVTxR68WqkLfE7CZnIi5XftW_ZoxQ69kGID9dX8.7njkFZx-iYwrOFWOic5phuG-oZQxMS0AnMpaPk3s0tA&dib_tag=se&keywords=acrylic+drawer+divider+organizer&qid=1772217221&sr=8-2-spons&aref=muB76HoalX&sp_csd=d2lkZ2V0TmFtZT1zcF9hdGY&psc=1","Your Drawers Will Never Be A Mess Again","Drawer Bliss","See everything you own at a glance. These crystal-clear dividers create a custom, high-end look for your dresser and jewelry drawers.
👇 Shop the organizers → [LIEN_AFFILIATE]
#drawerorganization #closetorganization #jewelryorganization #bedroomdecor #organizedlife","bedroom_essentials","Séparateurs tiroir acrylique","Photorealistic vertical Pinterest image 1000x1500, a close-up shot of a light wood dresser drawer. The drawer is perfectly organized with clear, glossy acrylic dividers separating rolled socks, delicate lingerie, and silk scarves. Warm, soft natural light highlights the clean lines and glossy surfaces, creating a feeling of ultimate order and tranquility. The overall aesthetic is minimalist, luxurious, and incredibly satisfying. 8K photorealistic, professional interior photography style."
"https://www.amazon.fr/s?k=robot+vacuum+cleaner+mapping","https://www.amazon.fr/Aspirateur-DualFlow-Anti-Enchev%C3%AAtrement-Nettoyage-serpilliere/dp/B0FMKJ7GPN/ref=sr_1_3_sspa?dib=eyJ2IjoiMSJ9.1d9IVRXUB2wIx3xuF7YEGFT2UMdbbdvfiLHFQWTP5--JbdLiQgTc5XazP-80dMCjjcq5Dp_T_7Txz7_HLT9iTN-nd5ZqkVPmahv2pIprNspyO18VDL5ZNMq76cJX7LVC7tKQ1oLvitxrjDlID_lHrm-D6xjbZWH2rO34GUDmQUWxf96Lu8ih6ZIeNrxBctdBkOwpNK7rmjUXhJJzqhdGGpnRNxpSZUXos27qoPmGWnXeh5tDMoAgDKUhPYG_OT1k6a-mVk4vyVE-vtD4KhvdtL41JPBxumvj_HkwjGenV-s.0rs-WN7rvKnNIJ2k1X6gVq1734B-E19uKNTmYmWGS0U&dib_tag=se&keywords=robot+vacuum+cleaner+mapping&qid=1772900336&sr=8-3-spons&aref=zEZxzpteRs&sp_csd=d2lkZ2V0TmFtZT1zcF9hdGY&psc=1","The Robot Vacuum That Cleans While You're Away","Clean Hands-Free.","Schedule cleanings from your phone and come home to spotless floors every day. Works with voice assistants too.
🤖 Schedule cleanings anytime → [LIEN_AFFILIATE]
#robotvacuum #smartcleaning #homeappliances #timemanagement #cleanghome","small_space_solutions","Aspirateur robot intelligent","Photorealistic vertical Pinterest image 1000x1500, A sunlit living room with beautiful hardwood floors and a modern sofa. A sleek robot vacuum is quietly cleaning in the foreground, with soft morning light creating a warm, inviting atmosphere. The space is tidy and minimally decorated with neutral tones. 8K photorealistic, professional interior photography style."
"https://www.amazon.fr/s?k=reusable+grocery+bags+pouch+compact","https://www.amazon.fr/Mordx-provisions-r%C3%A9utilisables-poign%C3%A9e-stockage/dp/B0CNBWYB8G/ref=sr_1_2_sspa?dib=eyJ2IjoiMSJ9.O9o9lF4z4_9ginRrrWbkQotGIwAk1LlDVK4UPHdUY8YQLm7WVWx3dHHSwcIOL361oQFfzO0Jn1CtG63wShru8ul-Qm32y1mXkJ1AupCAd5CdJ3NCetpCFyqXO_tQ6l5_-qWQSTso9tdmRhJGRzxqY4v6AM9hC_-zz8YRKTI2EkiRyCA1jLOwHRmcESGOfVLMQ4bmsR-d2pDr4Pt1yIB5LWHqKFVlj3i2FsEZ9l_2HoKTASOsMaJgzS1aIjc7WD0TGu-CzQ9hJQVta-NAnF6h7-A-N4vGYGnGzSDgWWvbxbA.ymZEfj6J338W1y5jdLh-E3tnZCsoIU5t5qmFpg5jpFI&dib_tag=se&keywords=reusable+grocery+bags+pouch&qid=1772217717&sr=8-2-spons&aref=JvpIq7EJAW&sp_csd=d2lkZ2V0TmFtZT1zcF9hdGY&psc=1","The Reusable Bags That Fold Into Nothing","Shop Smarter.","Never get caught without a bag again! These ultra-compact bags fold into a tiny pouch for your purse or glove box. Strong, stylish, and sustainable.
🛍️ Always be ready → [LIEN_AFFILIATE]
#ecofriendly #sustainable #zerowaste #groceryshopping #ecobags","entryway_decor","Sacs cabas réutilisables","Photorealistic vertical Pinterest image 1000x1500, a stylish entryway table with a ceramic bowl for keys. A small, brightly colored pouch is shown next to it, with one of the unfolded reusable bags spilling out elegantly to show its full size and capacity. Clean, bright, and aspirational styling."
"https://www.amazon.fr/s?k=silicone+stretch+lids+bowls+set","https://www.amazon.fr/Stasher-Container-Leak-free-Dishwasher-Eco-Friendly/dp/B0DXN1Y9WK/ref=sr_1_3?dib=eyJ2IjoiMSJ9.xOkShlaNOqZnrYVlUL0mOTLeM0O-qOll20Xjl76CY5nJaqRUKDg3Cwz4teP_vIMb3nQc5ngAw0qcarGzTDIE2PE5rH8717pywcvrR46i_Ai8zXFSvALFRF6Ia67znzrV_zNf2XDNe8ak2eO5bNxuB7X1asi0JUM811KESmUIjeMqqo95JxaOlpsGhRXivfqgioRryi7MA0FdGEhQzcdKXCZeMlEIzX9Gn3-dCM8vMh0gWa8yGZKNFJHgSQ00cTORGiusjxcX7dzlktNKZ9c0nFYkeAbZRecYCqwITf2vVA8.xhky5wfxHpsMhDhHi6WSqj5uxbnhn9Zs7I8pxdm9HaY&dib_tag=se&keywords=silicone+stretch+lids+bowls&qid=1772900347&sr=8-3","The Silicone Lids That Make Leftovers Look Good","No More Plastic.","Finally, a plastic wrap alternative that actually works. These flexible lids create an airtight seal on any bowl or food container. Reusable and beautiful.
🥘 See them here → [LIEN_AFFILIATE]
#ecohome #kitchenorganization #sustainable #foodstorage #leftovers","kitchen_organization","Couvercles silicone étirables","Photorealistic vertical Pinterest image 1000x1500, a kitchen counter with a variety of colorful fresh ingredients. A glass mixing bowl is covered with a vibrant, stretchy silicone lid, showing a perfect seal. Other lids are stacked neatly nearby. The scene is bright, fresh, and highly appealing."
"https://www.amazon.fr/s?k=wood+monitor+stand+riser+with+storage","https://www.amazon.fr/Fenge-R%C3%A9hausseur-dOrdinateur-Ordinateur-Organisateur/dp/B0D9LMLCM3/ref=sr_1_3_sspa?dib=eyJ2IjoiMSJ9.8Ea47BSuCyRhUSMErd6Py7BKezyhemKyUDRHR-ZJu5IccFPel5K1axl05Z3Z2pBx98XPBmzyRsvcefXzhak-B_7AhSLMGmb81Bs8LntNRytH8svblsbMaZyeZlyS6zBa9nxhe6MGXBTTZrxrS-8qhVjMrz8Cebofls31-QPoygeRazZOPanm6DA8TZqTAxxB_wzwVJLDAZ0bd54bAVJzSciPPcox9NIqdkXzLLptp_lRuvD4fMFQxk97oQ6ga5MDeqYUY4OFqF4UdGzmYU533BPRv6JS9GXx8ffHW5Q5i-w.UleUYPW2N-iQW4uzzrpLkDSK19xbjAUBbuKzOl_8Ufo&dib_tag=se&keywords=wood+monitor+stand+riser&qid=1772217526&sr=8-3-spons&aref=VClQ8gVhg0&sp_csd=d2lkZ2V0TmFtZT1zcF9hdGY&psc=1","This Monitor Stand Doubles Your Desktop Storage","Smart Space Saver","Gain valuable desk real estate and improve your posture. The perfect spot to tuck away your keyboard, notebooks, and clutter.
🛒 Maximize your space → [LIEN_AFFILIATE]
#homeoffice #deskorganization #workspace #ergonomics #officeupgrade","desk_organization","Socle moniteur bois","Photorealistic vertical Pinterest image 1000x1500, a stylish home office desk with a light wood monitor stand elevating a sleek monitor. The space underneath the stand is utilized perfectly, with a wireless keyboard and a small notebook stored neatly. Warm, golden-hour light creates a cozy and productive atmosphere. The overall aesthetic is clean, functional, and highly desirable."
"https://www.amazon.fr/s?k=perforated+pegboard+tool+organizer+wall+panel","https://www.amazon.fr/TecTake%C2%AE-Panneaux-Extensible-rangement-Outillage/dp/B0F1TCQD6L/ref=sr_1_1_sspa?dib=eyJ2IjoiMSJ9.AcfESBx-IjyjOsudBmGVQYj9phqdANExm2hCGrNamas0YTPT5Qwxi4li_onOty_Ue0-iupRyC-gMK7menSAbSs2cXPbvxwvN7VnO53tadu7YbkCpC7KrYoAjB4WyEHzLgoeBswVfOfDC1hkQmuQG1lXMMYFA_ZHACCr9vM00h7hsimmo-QEtPF-hi49JqRq9zf42Ezq2qzHqLnP9td36qhDtzebcDJJODn5kiGBuWRK4uIep0tRiZyt2E0tjSU6XgNdBUnAZWe15Vy7iPNFXRCCH5shdjmmYjV2wmxVYtDQ.gKjN4Iwy784JBvYrlZUeTJ1-oCMJ3NOyXJfPat1M6IQ&dib_tag=se&keywords=perforated+pegboard+tool+organizer&qid=1772217477&sr=8-1-spons&aref=ZfN6AXN9Pm&sp_csd=d2lkZ2V0TmFtZT1zcF9hdGY&psc=1","Wall Storage That Actually Looks Good","Walls That Work","Maximize every inch of your garage wall. This sleek pegboard system keeps all your tools visible, accessible, and perfectly organized.
👇 Shop this system → [LIEN_AFFILIATE]
#garageorganization #workshopideas #toolstorage #diyorganization #homeimprovement","garage_workshop","Panneau perforé mural","Photorealistic vertical Pinterest image 1000x1500, A clean white perforated pegboard wall system in a modern garage. An assortment of tools (hammer, pliers, screwdrivers) are neatly hung with black hooks against a light sage green wall. Beautiful morning light creates soft shadows, highlighting the order and functionality. The floor is a light grey epoxy finish."
"https://www.amazon.fr/s?k=kids+closet+organizer+adjustable+system","https://www.amazon.fr/Cozary-Suspendre-Rangement-Int%C3%A9rieur-Suspendue/dp/B0D54CY5BB/ref=sr_1_3?dib=eyJ2IjoiMSJ9.4HGChx7RqrH2tPmjmlDASzPv7U4BsCU0bldheZKaN6tfjOjx94H-H2_CI3jyqexn-k8douc-jBxqXOuYiFQcb5Xy45rwBY_sh9rZe8-1V836bmbydx2X7VKhzHHdhjGUPTVTL6VZVIiOFUW9Iok5rYx7D2YA_vZ9WVSRVhn8gi283GxAwL5ERh4JjlXOE-5BA1l8O3zXVBF_SqjYF0U-JjcFEeTzQlnwALR36m5m1MHlngjZt0c8Wk1sXOkPUnLOIRc6R4hEp5dY0bfqWXdYsJMIlVxtOYS59FnroGtlRI4.4msypSqRpIjXsvrNP63YowFDjZKgd-4GKT7PhCcvuvU&dib_tag=se&keywords=kids+closet+organizer+adjustable&qid=1772900358&sr=8-3","The Closet System That Grows With Your Child","Closet Goals Achieved","Finally, a closet system designed for tiny clothes that can adapt as your child grows. Morning routines just got 10x easier.
👕 Transform their closet → [LIEN_AFFILIATE]
#kidscloset #closetorganization #nurseryorganization #momlife #organizedhome","kids_room_storage","Organisateur placard enfant","Photorealistic vertical Pinterest image 1000x1500, a beautifully organized children's closet with an adjustable organization system. Tiny clothes neatly hung and folded, baskets with labels, lower rods perfect for little hands. Soft morning light, natural wood tones, clean white interior. Professional interior photography, perfectly organized and aspirational."
"https://www.amazon.fr/s?k=clear+stackable+shoe+storage+boxes+with+lids","https://www.amazon.fr/dp/B0CZ8QJXB8/?_encoding=UTF8&aref=jXatvryJA6&pd_rd_i=B0CZ8QJXB8&ref_=sbx_be_s_sparkle_ssd_tt&qid=1772900393&pd_rd_w=IJHaT&content-id=amzn1.sym.17d8b547-4978-434d-a051-2563e46b5baf%3Aamzn1.sym.17d8b547-4978-434d-a051-2563e46b5baf&pf_rd_p=17d8b547-4978-434d-a051-2563e46b5baf&pf_rd_r=VYK2040CMGAZPM5JX0QN&pd_rd_wg=gdSRb&pd_rd_r=1923b25f-4b80-4dd4-a0e2-109d00cb78b4&pd_rd_plhdr=t","The Clear Shoe Boxes That Finally Make Sense Of Your Collection","Shoe Chaos Solved","Never hunt for the other shoe again. These crystal-clear boxes let you see your entire collection while keeping everything dust-free and perfectly organized.
👇 Shop the solution → [LIEN_AFFILIATE]
#shoestorage #closetorganization #organizedhome #shoecollection #homeorganization","bedroom_essentials","Boîtes à chaussures empilables","Photorealistic vertical Pinterest image 1000x1500, a close-up shot of a built-in closet shelf filled with neatly stacked, clear acrylic shoe boxes. Each box contains a different pair of stylish shoes, from heels to sneakers, all visible through the crystal-clear fronts. The lighting is soft and natural, highlighting the dust-free, pristine organization. The background is a light grey fabric, creating a clean, high-end aesthetic."
"https://www.amazon.fr/s?k=rolling+workshop+tool+chest+drawer+organizer","https://www.amazon.fr/Kreher-Ensemble-chariots-ausQ-Brick-accessoires/dp/B0DH8GNFZS/ref=sr_1_1?dib=eyJ2IjoiMSJ9.oUxAnq-mJcO0V6fMjpPUqOYWH6kFou9njtDo9E-BepJScMi5B6AyRGtjJjSGR9WVViNPRxTVW3W3tSJ69nwqRjOMyjLvOo2vc86sB1o4F_N_tV_SngD_kQEdizp1OwpFmMkCfGqiTNdw4fLjyj4rAm23DideiAepsmCeH82ivSXrCIDAgcTxxLWJGv2K1EJvxDjg9MLKkdk3nQVnic60aDZPVN0C6EVpOd9NgjK8P7xzQC9qmWaQw_a9xn2xxzYyUXtE9uTMl4dfeTMErQF34S6V7q18ILVxwOj5cLIT1zs.0GIxQC_sCfp24TGXpipgRegt34-NkCAIrlU9LZeIAhc&dib_tag=se&keywords=rolling+workshop+tool+chest&qid=1772900415&sr=8-1","Your Workshop Wishes, Finally Organized.","Toolbox Revolution.","Turn that chaotic garage corner into a dream workshop. This rolling chest keeps every drill, wrench, and screwdriver exactly where you need it.
🛒 Find your organizer here → [LIEN_AFFILIATE]
#workshoporganization #diyworkshop #toolstorage #garageorganization #bricolage","small_space_solutions","Coffre à outils roulant","Photorealistic vertical Pinterest image 1000x1500, a sleek black rolling tool chest with multiple drawers open, showcasing neatly organized drills, screwdrivers, and wrench sets. Placed in a clean, organized garage workshop with light wood shelving and warm morning light streaming in. 8K photorealistic, shallow depth of focus, no people, no text."
"https://www.amazon.fr/s?k=modern+wall+mounted+shoe+rack+entryway","https://www.amazon.fr/gp/aw/d/B0FNJMK56S/?_encoding=UTF8&pd_rd_plhdr=t&aaxitk=8a6efcb3079c86ce860ef5313a7de89f&hsa_cr_id=0&qid=1772900423&sr=1-1-e0fa1fdd-d857-4087-adda-5bd576b25987&aref=6vZzebGAeJ&ref_=sbx_s_sparkle_sbtcd_asin_0_title&pd_rd_w=38ehP&content-id=amzn1.sym.17d8b547-4978-434d-a051-2563e46b5baf%3Aamzn1.sym.17d8b547-4978-434d-a051-2563e46b5baf&pf_rd_p=17d8b547-4978-434d-a051-2563e46b5baf&pf_rd_r=YWJPPQR0FEEDAGH74PEP&pd_rd_wg=Es0BE&pd_rd_r=86f0c61b-a659-4f2f-b924-4079cc9e02c3","Your Entryway's First Impression, Perfected.","Shoe Harmony.","The moment guests walk in, they see a tidy, stylish welcome. This sleek rack makes clutter disappear instantly.
🛒 Transform your entryway → [LIEN_AFFILIATE]
#entrywaydecor #homeorganization #shoeorganization #minimalisthome #interiorinspo","entryway_decor","Porte-chaussures mural","Photorealistic vertical Pinterest image 1000x1500, a modern wall-mounted wooden shoe rack with several pairs of stylish shoes neatly arranged, mounted on a light beige wall in a minimalist entryway. Warm morning light from a nearby window, a minimalist coat hook and a potted plant nearby. Light oak and linen textures. 8K photorealistic interior photography. No text, no people."
"https://www.amazon.fr/s?k=wall+mounted+cordless+drill+battery+charger+station","https://www.amazon.fr/Devisseuse-Batteries-Perceuse-Visseuse-Accessoires-Bricolage/dp/B0B62SNM2Q/ref=sr_1_1?dib=eyJ2IjoiMSJ9.tyLAE2GGBvcGSYST6Gc82Y7_SfhcttQJPDkzuFHThJh6NK9XYTci1KOmuaIt-AFU6U8glSkcSInFMAgvXGvYGSIpwjB84ZGNNYYcg6rjH577fNkekVtesj47wtIfOQrDXWo4JqbvpFOmqv8Iv37h88dQb4BMPsFlD-QDPetwojmYwEntccSesKpks7DziDbUZJypU3yBBRq6DDUTOoqq8rGdT0TsJxoOqoqXq8FXp8G70rKTkdKhEsCgACllAELm0F_6Qt9EOc1qDt12hH4iVorFKYMd2ShgOkMdepvr7KQ.FIYblXzPUp4h_ZCtSwg-mAM4MboHSCu8fEGGe1fcF9w&dib_tag=se&keywords=wall+mounted+cordless+drill&qid=1772217694&sr=8-1","Your Cordless Tools Deserve a Home","Charge In Style","Never hunt for a dead battery again. This wall-mounted station organizes and charges all your power tool batteries in one sleek spot.
✨ Get yours here → [LIEN_AFFILIATE]
#workshop #garageorg #powertools #diyworkshop #toolorganization","garage_workshop","Station charge batteries","Photorealistic vertical Pinterest image 1000x1500, A close-up shot of a matte black wall-mounted charging station holding two cordless drill batteries. They are plugged in, with a small green LED light glowing. The station is mounted on a clean, light wood panel next to a tidy workbench. Soft, warm daylight illuminates the scene."
"https://www.amazon.fr/s?k=large+fabric+storage+bins+with+labels+closet","https://www.amazon.fr/TYEERS-Rangement-Pliables-Couvercle-V%C3%AAtements/dp/B08F26MP51/ref=sr_1_1_sspa?dib=eyJ2IjoiMSJ9.AWC27FzLzwejv8hK6bVapSwAA7m4inETaIT92N4CQ0wgKNdu9_7SDeQDBTnJYIjxCz8SRn8UcH3SLX_pC54NOHvHodbfWuoQI_SPvEQWG9-WGWuCT3ZcUGdtnHq7vHYeyBoSaNPCqUPV3KI8Ct2iPQ2R9ceD3xkVKQD6vhih_bAj9LV-8xKdkiycb7TrYwhuZJgQpYOZbwY0Bvzee5NBuvqOoY--ugzeZIAiStrdW6ccMbJan4UjZaz5wcb1w8Fcdpmc-UocmKQCiBRMsI8D1bTw6kI518GFw39SsBVhGE8.F9wAwJ0TGxOXe8KgPHxMCWUxo266ADdXv3NYA5bklTs&dib_tag=se&keywords=large+fabric+storage+bins&qid=1772217738&sr=8-1-spons&aref=VOKK3yJeGd&sp_csd=d2lkZ2V0TmFtZT1zcF9hdGY&psc=1","Your Seasonal Storage, Solved & Stylish","Swap Seasons Seamlessly","Store off-season clothes without the cardboard box eyesore. These sleek, labeled bins stack neatly and look good doing it.
💡 Find them here → [LIEN_AFFILIATE]
#closetorganization #seasonalstorage #organizationhacks #homeorganization #declutter","closet_organization","Bacs rangement vêtements","Photorealistic vertical Pinterest image 1000x1500, the bottom of a spacious closet with warm wood flooring. Two large, minimalist beige fabric storage bins with clean, black typography labels ('SWEATERS', 'BEACH') are stacked neatly. Soft light filters into the space, creating a calm, orderly, and intentional feeling. The image is clean, uncluttered, and aspirational. 8K photorealistic, professional interior photography style."
"https://www.amazon.fr/s?k=modular+drawer+dividers+adjustable+closet+organizer","https://www.amazon.fr/ANTOWIN-S%C3%A9parateurs-tiroir-r%C3%A9glables-bambou/dp/B08P1CC61Q/ref=sr_1_3?dib=eyJ2IjoiMSJ9.nDaT6qNHv1DMF6iFgcoLd8CzwGjUUcdiWYdmBrl5w-KOtGhuVxoLhv5ZHCJ_OYBPjw_D-VUtkEYMMacJpdTvC7DzBFSLxBLfDV_ZmyY1de7FEx1ANsf15JLW9xV15oxr4juV9n2IAg_keKPDsVpoqE8NFMad6wNsF4Suz9ZuVHey36omwsswiwqCeKzpmL0GUT5LmW9x_W5yRh6Jlf6TEEM31vuLxnCMZnx_PayRxOGOiTgok6H_huG61CgpZZ5pxWsETOlxQn1VEawKVkrzfQKwFUj4jTI9LwBCIVIZXT0.4bTB_hs3lU4vU-KwhsJ-JoNxcp1jwKnzgHclp8p_LaA&dib_tag=se&keywords=modular+drawer+dividers+adjustable&qid=1772900453&sr=8-3","Finally, A Drawer System That Actually Stays Organized","Drawer Bliss Achieved","Tired of your sock and underwear drawer becoming a jumbled mess? These customizable dividers create a dedicated home for every single item.
🛒 Get organized → [LIEN_AFFILIATE]
#drawerorganization #closetorganization #homeorganization #organizinghacks #bedroomdecor","bedroom_essentials","Séparateurs de tiroirs modulables","Photorealistic vertical Pinterest image 1000x1500, an overhead shot looking down into a wide, open dresser drawer. The drawer is perfectly organized with white modular dividers creating neat compartments for rolled socks, folded underwear, and accessories. The materials are a soft white matte plastic and light wood. The overall feeling is one of serene order and meticulous care. Natural light from a nearby window makes the scene feel fresh and airy."
"https://www.amazon.fr/s?k=heavy+duty+rolling+workshop+utility+cart","https://www.amazon.fr/STANLEY-Plastique-capacit%C3%A9-63L-attaches-anticorrosion-poign%C3%A9e-mati%C3%A8re-syst%C3%A8me/dp/B002STCCMU/ref=sr_1_2?dib=eyJ2IjoiMSJ9.hXWZNJpUbjPK3a_jDYNXqdQNeBymX9jakqIk8dtoapmf1oW5H7ktJx_9Mcl-U8aRPWG75CYCic2XzncUWB2C4Vyej5rxL6hWxW7JPGVH0OUZ8YAc1CAkWe702q24SoHMqrxZ2JuqsIBs7VcsDn_AaRaW9RkoQKVa6kMs7a2I23pifvjLGRA6JZcCE_gZQ1ZlxqGsuo2fl69_6fqRvVQpd3RZjxQIexXJKWO9uXD0OIScrhunCpYyy71QddnSllya1mXaF72o-38Z4H1TcXyJLDIpPxdJMQxRwtBcCMvF6Mo.HUoneR2csPOltCcdl-i69SxOYzODdsaE_6Ia_o2qp30&dib_tag=se&keywords=heavy+duty+rolling+workshop&qid=1772900470&sr=8-2","The Rolling Cart That Moves Your Projects.","Project Partner.","From paint cans to lumber, this rugged cart moves everything with ease. Your ultimate mobile workstation for any DIY task.
🛒 Grab your project cart → [LIEN_AFFILIATE]
#workshopcart #utilitycart #diymobility #garagecart #bricolage","small_space_solutions","Chariot de bricolage","Photorealistic vertical Pinterest image 1000x1500, a heavy-duty black metal rolling utility cart loaded with paint cans, a toolbox, and a stack of wood boards in a spacious, clean garage. Morning light, concrete floor with epoxy coating, warm neutral backdrop. 8K photorealistic, shallow depth of field, no people, no text."
"https://www.amazon.fr/s?k=desktop+file+organizer+acrylic+vertical","https://www.amazon.fr/GoMaihe-Organisateur-Organisateurs-Transparents-Antipoussi%C3%A8re/dp/B0CH7ZKNCP/ref=sr_1_4?dib=eyJ2IjoiMSJ9.F6BZXGksc5QK6HzCn9mjU9a3MY2r4UbS2QA9qqLTaugvxmn4TCWOvEXso11aiAcfutbEPlel-3wqOT-Yb0vkWfQRsvsyf4W0fiE6Bxb40NNC0lgv66axRDcJjoVfzQJ6cMGyMa6Bn8YJ3j19lbqQNALmK7HWftVFXkaMRsfdFFx3bQipuNvIfWhTAIWwBjT_FL9HkmczFpBYZ7C_O85kAtQCC4oR-8LzSArDLmDND6AczTtqAvDo426J0kKi4RE6Tz5wXsa4iEM1ZgpDGJy9jkXGJvHCS0mtIRu2MiL_Zmc.n9y1GzPcvOxtWP15rc1bfFMSRjP_furcsZGK6GtfIbs&dib_tag=se&keywords=desktop+file+organizer+acrylic&qid=1772900490&sr=8-4","Desktop File Sorter That Looks Like Decor","Papers, Sorted.","Keep important documents upright and within sight, not piled in a messy stack. The clear design disappears on your desk.
✨ Organize in style → [LIEN_AFFILIATE]
#deskorganization #homeoffice #paperorganization #workspace #minimalist","desk_organization","Range-documents bureau","Photorealistic vertical Pinterest image 1000x1500, a clean and modern desk setup. A sleek, vertical acrylic file sorter holds a few folders and notebooks neatly on the desk. The transparency of the organizer makes the space feel open and uncluttered. Warm natural light from a nearby window falls on the scene, highlighting the simple, effective, and stylish solution for paper management."
"https://www.amazon.fr/s?k=clear+small+parts+organizer+drawer+cabinet+hardware","https://www.amazon.fr/Gbivbe-rangement-plastique-transparent-couvercles/dp/B0BZRPZ492/ref=sr_1_1_sspa?dib=eyJ2IjoiMSJ9.wiq1kBnHdhQ9xmoqPIaF2SO3_WE5qgOOk9-FTDvf8cBVQmiWjz12B7821Ly7vfi1-BDbRXPAbRDeoTxBGDg0tXp2KVpDJo4aUUZ_QCHduWSAltRoYfriCaaJVo7eG2D7AnlYYelG-gIOEiuvHUTqIV-GDUg2WLvB6mRgkfpvXOFpbFvs0GYaAtzDc42ZnEvfcRvI603pGOkV6RnOGR84_tKWP28axjROY5Y71_YRbmVhIloMwdOf3OIFCHF4NpBGagNT_QO2st1791k2rc3EabkRFc-j4a8tWLNDQ5Dy2Vw.teooGF0F-cBZKc0yFkAoo45vsJR_viuO6QNmkMVt7Xw&dib_tag=se&keywords=clear+small+parts+organizer&qid=1772217817&sr=8-1-spons&aref=MOAPr4ZFXY&sp_csd=d2lkZ2V0TmFtZT1zcF9hdGY&psc=1","The Only Screw Organizer You'll Ever Need","Tiny Parts Tamed","Say goodbye to rusty coffee tins full of mystery screws. This clear-drawer cabinet makes every nut, bolt, and nail easy to find.
🛒 Organize your hardware → [LIEN_AFFILIATE]
#workshoporganization #garagestorage #diy #hardwareorganization #toolbox","garage_workshop","Organisateur vis petites pièces","Photorealistic vertical Pinterest image 1000x1500, A stack of clear plastic small parts organizer drawers, each neatly labeled. They are filled with an assortment of screws, nails, and bolts, all sorted by type and size. The cabinet sits on a sleek metal workbench next to a modern cordless drill. The lighting is soft and even, creating a sense of perfect order."
"https://www.amazon.fr/s?k=kids+storage+bins+with+picture+labels","https://www.amazon.fr/gp/aw/d/B09NBRZVRS/?_encoding=UTF8&pd_rd_plhdr=t&aaxitk=1014efccd5e135e3056e0acc99610f2e&hsa_cr_id=7041800380202&qid=1772900507&sr=1-1-e0fa1fdd-d857-4087-adda-5bd576b25987&aref=IafWZP5FTO&ref_=sbx_s_sparkle_sbtcd_asin_0_title&pd_rd_w=4VpDd&content-id=amzn1.sym.17d8b547-4978-434d-a051-2563e46b5baf%3Aamzn1.sym.17d8b547-4978-434d-a051-2563e46b5baf&pf_rd_p=17d8b547-4978-434d-a051-2563e46b5baf&pf_rd_r=SV393974AW91NE0TQG25&pd_rd_wg=E7axH&pd_rd_r=746614da-7899-425a-a5ca-56a054fbfdb0","Labeled Bins That Teach Kids Organization","Tidy Up Made Fun","These picture-labeled bins make cleanup a learning game. Even toddlers can put toys where they belong independently.
🧸 Teach organization skills → [LIEN_AFFILIATE]
#montessori #toddlerorganization #learningthroughplay #kidsbins #organizedkids","kids_room_storage","Bacs étiquetés images","Photorealistic vertical Pinterest image 1000x1500, a low wooden shelf in a child's room with clear picture-labeled storage bins. Each bin shows a clear image (blocks, cars, animals) with text labels. Soft natural light, educational toys nearby, warm neutral color palette. Professional interior photography, educational and organized atmosphere."
"https://www.amazon.fr/s?k=storage+bench+entryway+shoe+organizer","https://www.amazon.fr/Chaussures-Rembourr%C3%A9e-Rangement-roulettes-Porte-Chaussures/dp/B0CRYBV9YY/ref=sr_1_3_sspa?dib=eyJ2IjoiMSJ9.teVuKpA8MkNxKynrCIX9dhWZWuanQRaJmWJ_6gYlR_XkYNeikRuo3_xd5NE95F2MEl_sJ1Em-um7u9xKXNRQ8weDsSmhkWayUfwoqYXrZYtP6DodlsQLGUkn8ozw20RihUwYnRNAJblkgXeug2MEJ7rMrLs3A6QlURLi1CLiSO-TzFcvqgomruYG3SLOs8vShSLQ6WM3753efxPB2g8E1ZAVdMj6HBJQIJzVyU8HWn91oiBO24wljg32CN056P4w42X9tVdOqYTFBygfSIuMJN9Vp9ZVfF3Os2opFh9jM8U.LOZVHGODG3kdS24mkvwP-anD4hH-UR9XgfigfLklGvE&dib_tag=se&keywords=storage+bench+entryway+shoe&qid=1772900525&sr=8-3-spons&aref=WVFj4hR3CH&sp_csd=d2lkZ2V0TmFtZT1zcF9hdGY&psc=1","The Bench That Stores Your Shoes & Saves Space.","Bench + Storage.","Double your entryway functionality. Sit down to put on your shoes, then lift the lid to hide them away. Style and storage in one.
👇 Shop this smart solution → [LIEN_AFFILIATE]
#entrywaydecor #storagebench #smallspacesolutions #practicaldecor #homefurniture","entryway_decor","Banquette de rangement","Photorealistic vertical Pinterest image 1000x1500, a beautiful upholstered storage bench in a neutral linen fabric, placed in a bright entryway. The lid is slightly lifted, showing shoes neatly stored inside. Warm morning light, a minimalist rug underneath. Materials: linen, light oak legs. 8K photorealistic interior photography. No text, no people."
"https://www.amazon.fr/s?k=adjustable+aluminum+laptop+stand+ergonomic","https://www.amazon.fr/Babacom-Ordinateur-Antid%C3%A9rapant-Ergonomique-Compatible/dp/B096KHQWMF/ref=sr_1_2_sspa?dib=eyJ2IjoiMSJ9.JsEeP1Ef7RyiNw1XSQzJl8BFYJxK7SjgHMeSyo3vUEaJ31zRyv9RfYzKY9Vunx4L5C5RB5xX1NzZ6B5H4vphHsojAoiRJIKyjyad71H5bXW1BlAW2g6Fi2wgO1ZeiS8Mj8WyOZjaHN0_6eZaMCvT5FLMHiqlXNeufOReQaf_03mttf26yTilphQpUGbBL55NwfMN8--CHoA1khaSI0NUQ-tTHlHzTJeZ7iMbsDlV3SfX7m5vI3fJ1rgzcHtzTNYPsfpMLP22lQZqKr14hsb-uGw78cvrk1tDblF_a9Od88s.MhU7ccedGk2-SjD3yvNAl-oMCLJ_mqVorCT09s78kRA&dib_tag=se&keywords=adjustable+aluminum+laptop+stand&qid=1772900536&sr=8-2-spons&aref=6TuppIFJ67&sp_csd=d2lkZ2V0TmFtZT1zcF9hdGY&psc=1","The Laptop Stand That Improves Your Posture Instantly","Posture Perfect","Align your screen to eye level and say goodbye to neck strain. This sturdy, minimalist stand is a game-changer for all-day comfort.
👇 Ergonomic upgrade → [LIEN_AFFILIATE]
#homeoffice #ergonomics #desksetup #worksfromhome #officeessentials","desk_organization","Support ordinateur portable","Photorealistic vertical Pinterest image 1000x1500, a productive home office setup. A sleek, silver aluminum laptop stand elevates a MacBook to a perfect ergonomic height on a light wood desk. An external keyboard and mouse are positioned below. The composition is clean and professional, bathed in soft, even daylight. The image conveys a strong sense of comfort, health, and modern work efficiency."
"https://www.amazon.fr/s?k=wall+mounted+toy+storage+organizer+kids","https://www.amazon.fr/Rangement-Peluche-Capacit%C3%A9-Storage-Coucher%E2%80%8C/dp/B0FRF9HYLJ/ref=sr_1_2?dib=eyJ2IjoiMSJ9.n1hX9SwuolxRKCwZ0_oYc7B5c7JwQ-S1OyjKxxJDXs-5WasEImUciy6aphQWEauTcRC_iumFk2htc6F4fa7BoCHt8_6swEj1p5c66nmf-BM8J7KQXvVng-nyMgFxhkJZM8Mx6_Msd2a95YL4JMYn3AadgYgQaQsPP4Uvt0btgtW5uzWg_9CrepV1aU1PwZTAyt4QxpaGAbk3WUQbDzmdwVZEm6EkuuX90gcInQZjQ0wwwLkrMUghxd7JsWzGsD7vpPYTkuh1xoLbSN4GPyKKKLHahkVB782ccFqM6_Akixg.R496kdcyGQLksbv4Uhhr5JwmPyzw1wao8plNQwJJpSA&dib_tag=se&keywords=wall+mounted+toy+storage&qid=1772900558&sr=8-2","Wall Storage That Frees Up Floor Space","Walls That Work","Maximize your playroom by going vertical! This wall system keeps toys accessible while keeping floors clear for play.
⬆️ Go vertical → [LIEN_AFFILIATE]
#wallstorage #smallplayroom #space saving #kidsorganization #cleverstorage","kids_room_storage","Rangement mural jouets","Photorealistic vertical Pinterest image 1000x1500, a clever wall-mounted storage system in a child's room, with various bins and shelves holding toys and books. The floor below is clear for play, soft natural light, neutral wall color with the storage system as a focal point. Professional interior photography, smart space utilization."
"https://www.amazon.fr/s?k=acrylic+desk+organizer+tray+office+supplies","https://www.amazon.fr/Uquelic-transparent-Compartiments-porte-stylo-Organisateur/dp/B09YNMCYVF/ref=sr_1_1?dib=eyJ2IjoiMSJ9.4PzHU5WjJtO_vOu3_S4qgqvrw2mUrOG1hm0yUvmtMyQMEZprU1oS7DNcMeRc88B4H_xBUeCd8yisvMCk03_P0kZoYFPJNSpN_U1BuheGPzIcpYvz2n4Yr4O_yR3S0qHbFXY2Wr3cI9EUxJavUoD621crFWuyMBHHZraOepfJkY9ZgHn_TvknDG4rlA5WiZWfjgUImFAlE849zW_6XC9qvbgrs7Kgt_GHFHptZjUx10hNV1C2VMg3PuH0SQX1AdurOsNB7UZgLac8PFi2eBsUmwEoWJqlfsGF5O7YbTwPbi4.YQmtb11gOwhx0v_3yI3_9N8oYGpNySQj85xVVxCY9_c&dib_tag=se&keywords=acrylic+desk+organizer+tray&qid=1772900604&sr=8-1","The Acrylic Organizer That Keeps Your Desk Crystal Clear","Clutter? Solved.","See-through organization has never looked so good. This acrylic tray corrals your pens, clips, and sticky notes while keeping your desktop looking pristine and spacious.
🛒 Organize in style → [LIEN_AFFILIATE]
#deskorganization #officeaccessories #minimalistdesk #acrylicorganizer #workspacegoals","desk_organization","Organisateur de bureau acrylique","Photorealistic vertical Pinterest image 1000x1500, a top-down view of a minimalist desk. A clear, high-gloss acrylic organizer tray sits in the corner, holding a few black pens, a pair of scissors, and a small stack of sticky notes. The desk surface is a light oak, and the tray reflects the soft, golden-hour light coming from a window. The background is soft and out of focus, emphasizing the clean, orderly aesthetic. 8K photorealistic, professional interior photography style."
"https://www.amazon.fr/s?k=strong+magnetic+tool+holder+bar+workshop","https://www.amazon.fr/barres-magn%C3%A9tiques-outils-atelier-aimant%C3%A9e/dp/B08XLYZTVJ/ref=sr_1_2_sspa?dib=eyJ2IjoiMSJ9.aELVdg2Pu_j5iS7cMIXYJrdLuYoU0mWow6Skv2ykuzWlJp4RO8wRKtiQWI9LpoegDd3soNAPhl-ZLlIEZitxb442mgQFLUsmlEECNyQXCqbSdl0OAvMIk87a8QsRmY_SPDMPn98FP_BN-jHHCt0wt0pEZzmQNBdqaxL2T40XbyCl-Ro1YmHxDd0i7U-PehSWOsiZo_ZgBXAxEMYUENgm8rjAoh-B4VYqQZNokQElNS_nlJMdmYtvUBs8tBzLi5t8gk1_qWat17OcVWneNWdBENTXgAiQGGzKtKuLupor_XI.hTR5FMKMYaW9z2gQyaaO4r8_eHylj4aNE7VaMGoqU6A&dib_tag=se&keywords=strong+magnetic+tool+holder&qid=1772900616&sr=8-2-spons&aref=g8YknwyI33&sp_csd=d2lkZ2V0TmFtZT1zcF9hdGY&psc=1","Magnetic Strips for Instant Tool Access","Tools At Hand","Free up your bench space instantly. These powerful magnetic strips keep all your metal tools securely mounted and within easy reach.
👇 Grab this hack → [LIEN_AFFILIATE]
#workshopideas #garagehacks #toolorganization #diy #workshop","garage_workshop","Barre magnétique outils","Photorealistic vertical Pinterest image 1000x1500, A long, sleek magnetic tool strip mounted on a light wood wall. An assortment of metal tools—screwdrivers, pliers, wrenches—are neatly held in place by magnetism. Golden hour light from a window highlights the tools and creates a warm, inviting atmosphere in the workshop space."
"https://www.amazon.fr/s?k=canvas+toy+storage+bins+kids+room+decor","https://www.amazon.fr/AmazonBasics-Foldable-Storage-Cubes-Pack/dp/B071PB9CRL/ref=sr_1_2?dib=eyJ2IjoiMSJ9._9fzek86-vXCbzAWW3fq48ci2IKdpyCoG0KGqDUg82ErLiuKC4x5yaBcqvGav2zK_Hil9hWn6JLwzmdIevxYQUxGq7hK-orY0x7ADr6i3gsdJazQjG6lnmFsip54iV9G2hI2rJnQ2Rw0E5GceJ7_r2YkpxzntClkvQESsQl9n-9xexvadlBRtlYRCofiAG1GGJ2LB14Jkj4XHFzMcYwjObVlhKcug7bUMnsU0ql9I_Hl83qfXrFfKVF9KFN8u3FnNf9iIct5lxj2aObGTXVimzcxXByBU2LqD04PStIkFwY.G7YIN0Whu_YlLCjqtlSY64WqqyD0bqAHE7Jc4wsAsq8&dib_tag=se&keywords=canvas+toy+storage+bins&qid=1772900625&sr=8-2","Toy Chaos Contained: Beautiful Storage That Actually Works","Toys Tamed. Finally.","Ditch the plastic bins for good. These beautiful canvas organizers keep toys off the floor while looking gorgeous in any room.
✨ Shop the cutest storage → [LIEN_AFFILIATE]
#kidsroomdecor #toystorage #playroomideas #organizedhome #montessorikids","kids_room_storage","Bacs de rangement jouets","Photorealistic vertical Pinterest image 1000x1500, a bright and airy modern kids playroom with large windows streaming in soft morning light. Three beautiful neutral-toned canvas storage bins are neatly stacked on a light oak shelving unit. A few tasteful wooden toys and a soft knitted doll are placed artfully beside them. The room features a plush ivory rug and warm white walls, creating a serene, organized, and aspirational space. 8K photorealistic, professional interior photography style."
"https://www.amazon.fr/s?k=rotating+jewelry+organizer+tower+closet+dresser","https://www.amazon.fr/Josmimic-Organisateur-Bijoux-Niveaux-Porte-Bracelets/dp/B0DYK118Z4/ref=sr_1_4?dib=eyJ2IjoiMSJ9.PJXu2yKksI8l-Sa5cayCe5MbGWaTJ2GmAEhb2ftd4IOvwP2TmE1AWrnrdfIS0riZQAwE0uccM2Pp8WZrhm1ECrESHgfXlyXfpGt055l994KWqlB5Ycq6sC-mGsJy4YWjx3aV8No14hFFj-smZRb9JyW610YHECG0m_ZWvQzEZk0tgCShDEfgLL_UOj8FjToqEqvwIcfK_2dAX1vIJP5kVaVvOnvMn2YgUvAqWb-Ha17o7YypX-4LpK9i1atWTW43Ef0un1ZW21wWAyrQjgLNo3J7Oo3RvosMxaoae1VhREU.PrIoujDeEC3az2nE5y9lHKJ96k75H2JWbqxWf3ILHbY&dib_tag=se&keywords=rotating+jewelry+organizer+tower&qid=1772900633&sr=8-4","The Jewelry Tower That Ends Drawer Digging.","Jewelry, Visible.","Never lose an earring again. This rotating tower keeps all your favorites at eye level, beautifully organized.
💡 Link in profile! [LIEN_AFFILIATE]
#jewelryorganization #closetideas #homedecor #organization #bedroomdecor","closet_organization","Tour à bijoux rotative","Photorealistic vertical Pinterest image 1000x1500, a white rotating multi-tier jewelry organizer tower on a marble-top dressing table inside a luxurious closet. Necklaces, bracelets, and rings are arranged neatly on its hooks and compartments. Golden-hour light creates soft shadows. Warm beige and ivory palette. 8K photorealistic, professional interior photography. No text, no people."
"https://www.amazon.fr/s?k=umbrella+stand+entryway+metal+holder","https://www.amazon.fr/SONGMICS-Porte-parapluie-Parapluie-R%C3%A9cup%C3%A9ration-LUC024B01/dp/B09K7DXDNR/ref=sr_1_3?dib=eyJ2IjoiMSJ9.H9OAcRy5jgadzRk5RRKMGsNDdyL7fVbX-4qjqf6SCepIhp3Kg9trvG-oJzn_s183CR466e799NDF4HgZk8siS7knBgyf_SIvLDsZlTSN_GSrxb7zKDTKk-OryL8sbYKTbaoRoI-e4OiG-dxmM5-HFDCZX0ZFSanKT6ZoSQHdL2dfO3cWq3-0VAc7q4lOqLwSAh7vCkGXMw1KVrNHvPrYNlLhTzKJnznsxtnHjszIOAAMuzxsOYWbv-Cb-I1qz8ZmiZutO4RnjyMNH4WW60MAg9a4j03Ce0P9DqLS2IaelLY.XGWa_0XTWYy8hGUAdRmOa6QSoYB-6u64ZibZKI5ppRk&dib_tag=se&keywords=umbrella+stand+entryway+metal&qid=1772900645&sr=8-3","Umbrellas & Walking Sticks, Organized & Dry.","Umbrella Station.","Stop dripping umbrellas and cluttered canes. This sleek holder keeps them upright, dry, and ready, making your entryway instantly more polished.
🛒 Grab yours here → [LIEN_AFFILIATE]
#entrywaydecor #homeorganization #umbrellastand #practicaldecor #rainyday","entryway_decor","Porte-parapluies","Photorealistic vertical Pinterest image 1000x1500, a tall, slim metal umbrella stand in a brushed bronze finish, standing in a minimalist entryway corner. Two umbrellas and a walking stick neatly placed inside. Warm light from a nearby window, a textured rug on the floor. Materials: matte metal, ceramic base. 8K photorealistic interior photography. No text, no people."
"https://www.amazon.fr/s?k=clear+drawer+hardware+organizer+small+parts+bins","https://www.amazon.fr/Akro-milli%C3%A8mes-64-Armoire-rangement/dp/B000LDH3JC/ref=sr_1_6?dib=eyJ2IjoiMSJ9.nNJKJUpUpB9j8BgNN3tW60MwQXdlJyz__Dfmyt7gP1L1drDODV6LQCot2sEhUX3omIxddBt9Xy04CUbbUK2AT3RRfgZPgyw01P1qEMo5VDk0zmhcVU2GY03L4d9qyOM_od1o_08UBf0tW_rtYlxkmx_sF7KhX1GrAXv-tOG_EYexETcpL6SPBiszahdBYPv7H2Rsk-3f5ktAE2WyzfJeQekKhxDsuZD9Xo4y2YTyhQyQFOOmsHk8LM-sHbZcyVIYUUlC3GxQIlEGqJgUNAjkq6fspL1u8P-cIXYlBFZwIBo.t34XAXoel9BjffROauhMU3vcqYOu0MfTLvyF1F-iV4o&dib_tag=se&keywords=clear+drawer+hardware+organizer&qid=1772900654&sr=8-6","Every Screw & Bolt, Perfectly Sorted.","Hardware, Harmony.","Transform a jumble of nuts and bolts into a system of calm efficiency. These clear bins make finding the right part instant.
👇 Organize your hardware → [LIEN_AFFILIATE]
#workshopstorage #hardwareorganization #diyorganization #smallpartsstorage #bricolage","desk_organization","Organisateur vis boulons","Photorealistic vertical Pinterest image 1000x1500, a set of clear acrylic drawer organizers filled with neatly sorted screws, bolts, nails, and washers on a light oak workbench. Warm, soft lighting, clean workshop background with a pegboard tool wall. 8K photorealistic, shallow depth of field, no people, no text."
"https://www.amazon.fr/s?k=magnetic+socket+organizer+rail+set+holder","https://www.amazon.fr/VEVOR-Organisateurs-Magn%C3%A9tiques-%C3%89tiquettes-Transparentes/dp/B0DQL3D288/ref=sr_1_4?dib=eyJ2IjoiMSJ9.IZuGPKyzMhGGlaAfnTqiNbekIt2n5EsOgC2zMm6dC9R9J3nZ6sIaiq03Vr5UkLydDfmkAKi-BpVJn30A3tCBCuLlj4POXSunzxziIg-qXyx4xXhYllxQt1Ua_pS1UUD0ulhsBDwGheiaoMEu_QKwUBGi2E_s2_Iu7HwvFZYXQig-5cEIRmFFQDdVPBct2LMuivF6JpL21gkEv6-dDgtcymwbvBTtcLuSpzchg3rfQtXUInhSHibNIud5VWvtbQ9WcwfRy1b3Z6grB2lH0N1HqWe1q1-LecYs6DUFJUkD9G4.R7X1z_dD9IctB_8Vf6bDorPxJFV4O8VlPZCuc1BFKQs&dib_tag=se&keywords=magnetic+socket+organizer+rail&qid=1772900670&sr=8-4","The Socket Organizer That Saves Your Sanity","No More Lost Sockets","Never waste time searching for the right socket again. This magnetic rail keeps your entire set organized, visible, and ready to grab.
🛒 Organize your sockets → [LIEN_AFFILIATE]
#toolorganization #workshop #garageorg #mechanicaltools #diy","garage_workshop","Organisateur douilles magnétique","Photorealistic vertical Pinterest image 1000x1500, A close-up shot of a black magnetic rail organizer mounted inside a tool cabinet drawer. A complete set of shiny chrome sockets is neatly arranged in size order on the magnets. The drawer is deep and clean, with soft lighting reflecting off the metal tools, creating a satisfying and orderly scene."
"https://www.amazon.fr/s?k=adjustable+drawer+divider+closet+organizer+system","https://www.amazon.fr/wenrescry-S%C3%A9parateurs-tiroir-32%C3%977-sous-v%C3%AAtements/dp/B0F9F1B3DT/ref=sr_1_1_sspa?dib=eyJ2IjoiMSJ9.StoahnehHRKWtYF7M-UJ4Of7U_I3OE8jBV_dl4fneaNme84gH-oa23MT53HQWMdyqRwJZcPQJtVDHkRxRQQKQOKh6niThwZxqYFAqFptT3hWdxu81BeEsvXgObK6qzkwO4x3AcxuQsEPjgUD5sYM9KsP-yRWqiW-cn-XlV67B_r2M283j8Jut-co1h_Mr7b1oavx6poqGmi4y1o8S9g5i2SfZPawN6qlEJvvJolApSO4WF0NJXkWb8tRvcXmmj-kVJnEIzAaMyddrJIwg2k25zkWrk-NFrHyFT8XUl2DhpI.dfYz4_Y_NJMWrxq6DDUtncVM4qxlcHyJVGrgf83GSEo&dib_tag=se&keywords=adjustable+drawer+divider+closet&qid=1772900681&sr=8-1-spons&aref=RDB3C3dJaR&sp_csd=d2lkZ2V0TmFtZT1zcF9hdGY&psc=1","Drawer Dividers That Create Custom Closet Spaces.","Drawers, Customized.","Turn a chaotic drawer into a perfectly partitioned space for scarves, belts, or intimates. Adjustable and effortless.
👇 Shop the system → [LIEN_AFFILIATE]
#closetorganization #drawerorganization #homedecor #storage #organizedlife","closet_organization","Diviseurs de tiroir","Photorealistic vertical Pinterest image 1000x1500, a set of adjustable white plastic drawer dividers creating neat compartments inside a light wood closet drawer. The dividers are arranged to organize silk scarves and leather belts. Clean, minimalist interior with soft morning light. 8K photorealistic, professional interior photography. No text, no people."
"https://www.amazon.fr/s?k=closet+hanging+shelf+organizer+fabric+baskets","https://www.amazon.fr/YOUDENOVA-Organiseur-suspendre-%C3%A9tag%C3%A8res-lat%C3%A9rales/dp/B07SZT5GPF/ref=sr_1_2?dib=eyJ2IjoiMSJ9.DyLFCGJ908dr9G2TYv1p06SumH43Q8AywHOCQxLBZx4Co0ByRlvCm_3sSt7-f30kQ6EMqJFBnRnIPzgqHjDRXoxTn2lxXz135wuKvSClcfnuZMJzlcwUkUux1Ex6xYWlTdYOyd8mLv3YgzAV8aveO4MrnoLmTldwJHl0IS1VDkYF3HjiFFTRdd2BqN9uNcxwQ2fVXlNL6Ze7U1HSQ7VITHjDGwYkv7JGJY_WkhlfaEf8JUZLjPKGnpdhX8SB866KcRuFI_J-KP_ZY1sJes65VHiXeI0ufejXjYv5lRk91fQ.HJPazjnHvtdzsn1D3YyRXhKVE_c14rz51rRkIPPnCCo&dib_tag=se&keywords=closet+hanging+shelf+organizer&qid=1772900692&sr=8-2","Hanging Shelves For Your Most-Worn Clothes.","Closet, Airy.","Give your favorite jeans and tops a dedicated, airy home. These hanging shelves add storage without bulk.
🛒 Grab this space-saver → [LIEN_AFFILIATE]
#closetorganization #smallspace #homedecor #organizationideas #minimalistcloset","closet_organization","Rangeurs suspendus","Photorealistic vertical Pinterest image 1000x1500, a fabric hanging shelf organizer with multiple compartments suspended from a closet rod. It holds folded t-shirts and jeans in a bright, spacious closet with white walls. Natural light from a nearby window. Warm neutral tones. 8K photorealistic, professional interior photography. No text, no people."
